频道URL,URL数量,节点数量,有效资源质量分
https://t.me/s/AI_News_CN,0,0,0
https://t.me/s/ARv2ray,0,0,0
https://t.me/s/Airport_News,0,0,0
https://t.me/s/Alfred_Config,0,0,0
https://t.me/s/AlienVPN402,0,0,0
https://t.me/s/Baraye_azadi_Info,0,0,0
https://t.me/s/BmFt1,0,0,0
https://t.me/s/Capital_NET,0,0,0
https://t.me/s/Capoit,0,0,0
https://t.me/s/Clash_Config,0,0,0
https://t.me/s/Clash_Node_Share,0,0,0
https://t.me/s/CloudCityy,0,0,0
https://t.me/s/ConfigV2rayNG,0,0,0
https://t.me/s/Configforvpn01,0,0,0
https://t.me/s/ConfigsHUB2,0,0,0
https://t.me/s/DailyV2RY,0,0,0
https://t.me/s/DigiV2ray,0,0,0
https://t.me/s/DirectVPN,0,0,0
https://t.me/s/DocOfCard,0,0,0
https://t.me/s/ELiV2RAY,0,0,0
https://t.me/s/Easy_Free_VPN,0,0,0
https://t.me/s/Eleven_vpn,0,0,0
https://t.me/s/EliV2ray,0,0,0
https://t.me/s/EuServer,0,0,0
https://t.me/s/EzNett,0,0,0
https://t.me/s/FOXNT,0,0,0
https://t.me/s/FProxies,0,0,0
https://t.me/s/FalconPolV2rayNG,0,0,0
https://t.me/s/FreakConfig,0,0,0
https://t.me/s/Free166,0,0,0
https://t.me/s/FreeV2rays,0,0,0
https://t.me/s/FreeVlessVpn,0,0,0
https://t.me/s/Free_Config_Sharing,0,0,0
https://t.me/s/Free_HTTPCustom,0,0,0
https://t.me/s/GetFreeNode,0,0,0
https://t.me/s/Helix_Servers,0,0,0
https://t.me/s/Hope_Net,0,0,0
https://t.me/s/IBV2RAY,0,0,0
https://t.me/s/IP_CF_Config,0,0,0
https://t.me/s/IRANVPNNET,0,0,0
https://t.me/s/Impart_Cloud,0,0,0
https://t.me/s/Jichang_Store,0,0,0
https://t.me/s/JiedianSsr,0,0,0
https://t.me/s/Jsnzk,0,0,0
https://t.me/s/Lockey_vpn,0,0,0
https://t.me/s/MTConfig,0,0,0
https://t.me/s/MrV2Ray,0,0,0
https://t.me/s/MsV2ray,0,0,0
https://t.me/s/NIM_VPN_ir,0,0,0
https://t.me/s/Napsternetvirani,0,0,0
https://t.me/s/NetAccount,0,0,0
https://t.me/s/Newlearner,0,0,0
https://t.me/s/OKAB3_Script_Channel,0,0,0
https://t.me/s/OutlineVpnOfficial,0,0,0
https://t.me/s/Outline_Vpn,0,0,0
https://t.me/s/PPT_f66_zHk2ZDY8,0,0,0
https://t.me/s/Powerful1VPN,0,0,0
https://t.me/s/PrivateVPNs,0,0,0
https://t.me/s/ProxyFn,0,0,0
https://t.me/s/Qv2rayDONATED,0,0,0
https://t.me/s/Qv2raychannel,0,0,0
https://t.me/s/SSRSUB,0,0,0
https://t.me/s/ServerNett,0,0,0
https://t.me/s/ShadowProxy66,0,0,0
https://t.me/s/ShadowsocksRssr,0,0,0
https://t.me/s/ShareCentre,0,0,0
https://t.me/s/ShareCentrePro,0,0,0
https://t.me/s/Shh_Proxy,0,0,0
https://t.me/s/TG_2345,0,0,0
https://t.me/s/TGxChina,0,0,0
https://t.me/s/TLS_v2ray,0,0,0
https://t.me/s/TVCminer,0,0,0
https://t.me/s/UnlimitedDev,0,0,0
https://t.me/s/V2List,0,0,0
https://t.me/s/V2RayTz,0,0,0
https://t.me/s/V2Ray_FreedomIran,0,0,0
https://t.me/s/V2pedia,0,0,0
https://t.me/s/V2rayCollectorDonate,0,0,0
https://t.me/s/V2rayNG3,0,0,0
https://t.me/s/V2rayNGX,0,0,0
https://t.me/s/V2rayNGn,0,0,0
https://t.me/s/V2ray_Alpha,0,0,0
https://t.me/s/V2rayng_Fast,0,0,0
https://t.me/s/VPNCUSTOMIZE,0,0,0
https://t.me/s/VPNOff,0,0,0
https://t.me/s/V_2rayngVpn,0,0,0
https://t.me/s/ViPVpn_v2ray,0,0,0
https://t.me/s/VlessConfig,0,0,0
https://t.me/s/VmessProtocol,0,0,0
https://t.me/s/WeePeeN,0,0,0
https://t.me/s/WomanLifeFreedomVPN,0,0,0
https://t.me/s/YtTe3la,0,0,0
https://t.me/s/ZDYZ2,0,0,0
https://t.me/s/abra_vpn,0,0,0
https://t.me/s/academi_vpn,0,0,0
https://t.me/s/accountplanetir,0,0,0
https://t.me/s/adamak_vpn,0,0,0
https://t.me/s/afv2ray,0,0,0
https://t.me/s/ahe_vpn,0,0,0
https://t.me/s/aifenxiang2020,0,0,0
https://t.me/s/ailumao,0,0,0
https://t.me/s/airproxies,0,0,0
https://t.me/s/aiuvpn,0,0,0
https://t.me/s/alfred_config,0,0,0
https://t.me/s/alienvpn402,0,0,0
https://t.me/s/alismartvpn,0,0,0
https://t.me/s/aliyosgraphy,0,0,0
https://t.me/s/allporter,0,0,0
https://t.me/s/allv2board,0,0,0
https://t.me/s/alo_v2rayng,0,0,0
https://t.me/s/alpha_v2ray_fazayi,0,0,0
https://t.me/s/alphaomegavpn,0,0,0
https://t.me/s/alsheykhvpn,0,0,0
https://t.me/s/amir_rooman,0,0,0
https://t.me/s/amirinventor2010,0,0,0
https://t.me/s/amironetwork,0,0,0
https://t.me/s/an0nymousteam,0,0,0
https://t.me/s/android_best,0,0,0
https://t.me/s/angus_vpn,0,0,0
https://t.me/s/angus_vpn3,0,0,0
https://t.me/s/anix_v2ray,0,0,0
https://t.me/s/anranbp,0,0,0
https://t.me/s/antifilterjadid,0,0,0
https://t.me/s/antifilterjadid3,0,0,0
https://t.me/s/antifilterservice,0,0,0
https://t.me/s/apkgold,0,0,0
https://t.me/s/apkprogramming,0,0,0
https://t.me/s/app_jiedian,0,0,0
https://t.me/s/apple_x1,0,0,0
https://t.me/s/appsooner,0,0,0
https://t.me/s/archive_android,0,0,0
https://t.me/s/argooo_vpn,0,0,0
https://t.me/s/aries_init,0,0,0
https://t.me/s/armod_iran,0,0,0
https://t.me/s/arouxping,0,0,0
https://t.me/s/artemis_vpn_free,0,0,0
https://t.me/s/artemisvpn1,0,0,0
https://t.me/s/arv2ra,0,0,0
https://t.me/s/arv2ray,0,0,0
https://t.me/s/arzhecn,0,0,0
https://t.me/s/asak_vpn,0,0,0
https://t.me/s/asgard_config,0,0,0
https://t.me/s/asintech,0,0,0
https://t.me/s/asjdxm,0,0,0
https://t.me/s/asliveepn,0,0,0
https://t.me/s/asr_proxy,0,0,0
https://t.me/s/astrovpn_ir,0,0,0
https://t.me/s/astrovpn_official,0,0,0
https://t.me/s/av2drup,0,0,0
https://t.me/s/awxdy666,0,0,0
https://t.me/s/axv2ray,0,0,0
https://t.me/s/azad_intrnet,0,0,0
https://t.me/s/azadneit,0,0,0
https://t.me/s/badsha_mohammad,0,0,0
https://t.me/s/baipiao01,0,0,0
https://t.me/s/baipiao_ml,0,0,0
https://t.me/s/baipiaob,0,0,0
https://t.me/s/baipiaojiedian,0,0,0
https://t.me/s/baipiaonote,0,0,0
https://t.me/s/baipiaowansui,0,0,0
https://t.me/s/bakvpns,0,0,0
https://t.me/s/bamboo_vpn,0,0,0
https://t.me/s/bargovpn,0,0,0
https://t.me/s/bemolatext,0,0,0
https://t.me/s/berice_v2,0,0,0
https://t.me/s/bestvpn4030,0,0,0
https://t.me/s/betv2ray,0,0,0
https://t.me/s/bigsmoke_config,0,0,0
https://t.me/s/bimnetvpn,0,0,0
https://t.me/s/birdserver,0,0,0
https://t.me/s/bitnetvpn,0,0,0
https://t.me/s/black8rose,0,0,0
https://t.me/s/blueberrynetwork,0,0,0
https://t.me/s/bluev2rayng,0,0,0
https://t.me/s/bluevpn_v2ray,0,0,0
https://t.me/s/bolbolvpn,0,0,0
https://t.me/s/bored_vpn,0,0,0
https://t.me/s/bpjzx2,0,0,0
https://t.me/s/bright_vpn,0,0,0
https://t.me/s/buffalo_vpn,0,0,0
https://t.me/s/bug_vpn,0,0,0
https://t.me/s/bypass_filter,0,0,0
https://t.me/s/caa_chanel,0,0,0
https://t.me/s/caa_v2ray,0,0,0
https://t.me/s/canguro_english,0,0,0
https://t.me/s/capital_net,0,0,0
https://t.me/s/capoit,0,0,0
https://t.me/s/castom_v2ray,0,0,0
https://t.me/s/catvpns,0,0,0
https://t.me/s/cav2ray,0,0,0
https://t.me/s/ccbaohe,0,0,0
https://t.me/s/cephalon_ala,0,0,0
https://t.me/s/ch_a2l,0,0,0
https://t.me/s/chanel_config,0,0,0
https://t.me/s/changfengchannel,0,0,0
https://t.me/s/chatbuzzteam,0,0,0
https://t.me/s/circle_vpn,0,0,0
https://t.me/s/cisco_acc,0,0,0
https://t.me/s/clash_sub,0,0,0
https://t.me/s/clash_v2ray_ssr_nodes,0,0,0
https://t.me/s/click_vpnn,0,0,0
https://t.me/s/cloudcityy,0,0,0
https://t.me/s/club_vpn9,0,0,0
https://t.me/s/clubvpn443,0,0,0
https://t.me/s/cnfg_v2ray,0,0,0
https://t.me/s/cnfings,0,0,0
https://t.me/s/cod_arshiya0,0,0,0
https://t.me/s/configV2rayForFree,0,0,0
https://t.me/s/configV2rayNG,0,0,0
https://t.me/s/config_station,0,0,0
https://t.me/s/configforvpn,0,0,0
https://t.me/s/configforvpn01,0,0,0
https://t.me/s/configms,0,0,0
https://t.me/s/configpluse,0,0,0
https://t.me/s/configpositive,0,0,0
https://t.me/s/configscenter,0,0,0
https://t.me/s/configshub2,0,0,0
https://t.me/s/configsstore,0,0,0
https://t.me/s/configt,0,0,0
https://t.me/s/configv2rayforfree,0,0,0
https://t.me/s/configv2rayng,0,0,0
https://t.me/s/confing_costume,0,0,0
https://t.me/s/confing_problems,0,0,0
https://t.me/s/confingv2raayng,0,0,0
https://t.me/s/connectix,0,0,0
https://t.me/s/cpuvpn,0,0,0
https://t.me/s/croownvpn,0,0,0
https://t.me/s/custom_14,0,0,0
https://t.me/s/custom_config,0,0,0
https://t.me/s/customizev2ray,0,0,0
https://t.me/s/customv2ray,0,0,0
https://t.me/s/customvpnserver,0,0,0
https://t.me/s/daily_free_nodes,0,0,0
https://t.me/s/dailyv2ray,0,0,0
https://t.me/s/dailyv2ry,0,0,0
https://t.me/s/damonconfig,0,0,0
https://t.me/s/daredevill_404,0,0,0
https://t.me/s/dark_telecom,0,0,0
https://t.me/s/darkma3ter24,0,0,0
https://t.me/s/darknightvpn,0,0,0
https://t.me/s/darksectora,0,0,0
https://t.me/s/darktunnelvip1,0,0,0
https://t.me/s/daryaye_sorkhh,0,0,0
https://t.me/s/dataworld_ir,0,0,0
https://t.me/s/dav2ray,0,0,0
https://t.me/s/deli_servers,0,0,0
https://t.me/s/deragv2ray,0,0,0
https://t.me/s/diamondproxytm,0,0,0
https://t.me/s/digigard_vpn,0,0,0
https://t.me/s/digiv2ray,0,0,0
https://t.me/s/dingyue_Center,0,0,0
https://t.me/s/dingyue_center,0,0,0
https://t.me/s/directvpn,0,0,0
https://t.me/s/disvpn,0,0,0
https://t.me/s/dns68,0,0,0
https://t.me/s/donald_config,0,0,0
https://t.me/s/dr_v2ray,0,0,0
https://t.me/s/dribble7,0,0,0
https://t.me/s/eaglevps,0,0,0
https://t.me/s/easy_free_vpn,0,0,0
https://t.me/s/editorvpn,0,0,0
https://t.me/s/ehsawn8,0,0,0
https://t.me/s/eiiim,0,0,0
https://t.me/s/elitevpnv2,0,0,0
https://t.me/s/eliv2ray,0,0,0
https://t.me/s/energybigger_1,0,0,0
https://t.me/s/esetsecuritylicense,0,0,0
https://t.me/s/euserver,0,0,0
https://t.me/s/ev2rayy,0,0,0
https://t.me/s/evay_vpn,0,0,0
https://t.me/s/everyday_vpn,0,0,0
https://t.me/s/expreset,0,0,0
https://t.me/s/express_v2ray,0,0,0
https://t.me/s/expresspace,0,0,0
https://t.me/s/expressvpn_420,0,0,0
https://t.me/s/falconpolv2rayng,0,0,0
https://t.me/s/falcunargo,0,0,0
https://t.me/s/farahvpn,0,0,0
https://t.me/s/fasst_vpn,0,0,0
https://t.me/s/fast_2ray,0,0,0
https://t.me/s/fast_v2ray,0,0,0
https://t.me/s/fastfilterr,0,0,0
https://t.me/s/fastgozar,0,0,0
https://t.me/s/fazevpn,0,0,0
https://t.me/s/feri_v2ray_proxy,0,0,0
https://t.me/s/fffffx2,0,0,0
https://t.me/s/filter_vpn2,0,0,0
https://t.me/s/filterintl,0,0,0
https://t.me/s/filteroghortbede,0,0,0
https://t.me/s/filtershekan_channel,0,0,0
https://t.me/s/filtershekanssh1,0,0,0
https://t.me/s/filterzapata,0,0,0
https://t.me/s/fire_vpn_channel,0,0,0
https://t.me/s/firewallvpn,0,0,0
https://t.me/s/fix_proxy,0,0,0
https://t.me/s/flash_proxies,0,0,0
https://t.me/s/flystoreir,0,0,0
https://t.me/s/flyv2ray,0,0,0
https://t.me/s/forwardv2ray,0,0,0
https://t.me/s/foxnt,0,0,0
https://t.me/s/frav2ray,0,0,0
https://t.me/s/freakconfig,0,0,0
https://t.me/s/free4allVPN,0,0,0
https://t.me/s/free4allvpn,0,0,0
https://t.me/s/freeVPNjd,0,0,0
https://t.me/s/free_httpcustom,0,0,0
https://t.me/s/free_internet_news,0,0,0
https://t.me/s/free_jichang,0,0,0
https://t.me/s/free_node_daily,0,0,0
https://t.me/s/free_node_sharing,0,0,0
https://t.me/s/free_proxy_001,0,0,0
https://t.me/s/free_proxy_list,0,0,0
https://t.me/s/free_server_list,0,0,0
https://t.me/s/free_shekan,0,0,0
https://t.me/s/free_sub_links,0,0,0
https://t.me/s/free_v2,0,0,0
https://t.me/s/free_v2ray,0,0,0
https://t.me/s/free_v2rayyy,0,0,0
https://t.me/s/free_vpn02,0,0,0
https://t.me/s/free_worlld,0,0,0
https://t.me/s/freeconfing,0,0,0
https://t.me/s/freedatazone1,0,0,0
https://t.me/s/freeinir,0,0,0
https://t.me/s/freeiranet,0,0,0
https://t.me/s/freeiranweb,0,0,0
https://t.me/s/freekankan,0,0,0
https://t.me/s/freeland8,0,0,0
https://t.me/s/freemason6,0,0,0
https://t.me/s/freenapsternetv,0,0,0
https://t.me/s/freenet_for_everyone,0,0,0
https://t.me/s/freenetpro99,0,0,0
https://t.me/s/freenode_all,0,0,0
https://t.me/s/freeownvpn,0,0,0
https://t.me/s/freeshadowsock,0,0,0
https://t.me/s/freestrongvpn,0,0,0
https://t.me/s/freev2flyng,0,0,0
https://t.me/s/freev2rayi,0,0,0
https://t.me/s/freev2raym,0,0,0
https://t.me/s/freev2rays,0,0,0
https://t.me/s/freev2rayssr,0,0,0
https://t.me/s/freevlessvpn,0,0,0
https://t.me/s/freevpn3327,0,0,0
https://t.me/s/freevpnchina,0,0,0
https://t.me/s/freevpnhomesconfigs,0,0,0
https://t.me/s/frev2ray,0,0,0
https://t.me/s/frev2rayng,0,0,0
https://t.me/s/fsv2ray,0,0,0
https://t.me/s/funix_shope,0,0,0
https://t.me/s/fv2ray,0,0,0
https://t.me/s/game_file2020,0,0,0
https://t.me/s/gh_v2rayng,0,0,0
https://t.me/s/ghalagyann,0,0,0
https://t.me/s/ghalagyann2,0,0,0
https://t.me/s/global_net_vpn,0,0,0
https://t.me/s/go4sharing,0,0,0
https://t.me/s/goldd_v2ray,0,0,0
https://t.me/s/golestan_vpn,0,0,0
https://t.me/s/golf_vpn,0,0,0
https://t.me/s/good_v2rayy,0,0,0
https://t.me/s/gozargahvpn,0,0,0
https://t.me/s/gp_proxy_vpn,0,0,0
https://t.me/s/grizzlyvpn,0,0,0
https://t.me/s/gulaiguq_baipiao2,0,0,0
https://t.me/s/hajimamadvpn,0,0,0
https://t.me/s/hajvpn,0,0,0
https://t.me/s/hatunnel_vpn,0,0,0
https://t.me/s/heinuhome,0,0,0
https://t.me/s/helingqi,0,0,0
https://t.me/s/helix_servers,0,0,0
https://t.me/s/hennessypro,0,0,0
https://t.me/s/hermanosvpn,0,0,0
https://t.me/s/hhi_vpn222,0,0,0
https://t.me/s/hilynet,0,0,0
https://t.me/s/hkaa0,0,0,0
https://t.me/s/holderproxy,0,0,0
https://t.me/s/hologate6,0,0,0
https://t.me/s/hooshang_vpn1,0,0,0
https://t.me/s/hope_net,0,0,0
https://t.me/s/hopev2ray,0,0,0
https://t.me/s/hopevpn,0,0,0
https://t.me/s/hosseinstore_za,0,0,0
https://t.me/s/hostloc_pro,0,0,0
https://t.me/s/hpv2ray_official,0,0,0
https://t.me/s/hpv2rayng,0,0,0
https://t.me/s/hypervpn6,0,0,0
https://t.me/s/hypervpns,0,0,0
https://t.me/s/i3v2ray,0,0,0
https://t.me/s/ibv2ray,0,0,0
https://t.me/s/icloudyshop,0,0,0
https://t.me/s/icocoon,0,0,0
https://t.me/s/icv2ray,0,0,0
https://t.me/s/igrsdet,0,0,0
https://t.me/s/inikotesla,0,0,0
https://t.me/s/internet4iran,0,0,0
https://t.me/s/internet_nor,0,0,0
https://t.me/s/iosfulishare,0,0,0
https://t.me/s/ipV2Ray,0,0,0
https://t.me/s/ip_cf_config,0,0,0
https://t.me/s/iphonebax,0,0,0
https://t.me/s/ipv2ray,0,0,0
https://t.me/s/ipv2rayng,0,0,0
https://t.me/s/ir_config_an,0,0,0
https://t.me/s/ir_nekobox,0,0,0
https://t.me/s/iran_access,0,0,0
https://t.me/s/iran_v2ray1,0,0,0
https://t.me/s/iranbaxvpn,0,0,0
https://t.me/s/iranbfilter,0,0,0
https://t.me/s/iraniv2ray,0,0,0
https://t.me/s/iranmedicalvpn,0,0,0
https://t.me/s/iranproxypro,0,0,0
https://t.me/s/iranray_vpn,0,0,0
https://t.me/s/iranv2raynng,0,0,0
https://t.me/s/iranvipnet,0,0,0
https://t.me/s/iranvpnnet,0,0,0
https://t.me/s/irn_vpn,0,0,0
https://t.me/s/irnhackers,0,0,0
https://t.me/s/iroazadi,0,0,0
https://t.me/s/irov2rayn,0,0,0
https://t.me/s/irvpnify,0,0,0
https://t.me/s/iunsw,0,0,0
https://t.me/s/jcvpn,0,0,0
https://t.me/s/jetupnet,0,0,0
https://t.me/s/jichang0,0,0,0
https://t.me/s/jichang_bp,0,0,0
https://t.me/s/jichang_list,0,0,0
https://t.me/s/jichang_report,0,0,0
https://t.me/s/jichangbaipiao,0,0,0
https://t.me/s/jichangtuijian,0,0,0
https://t.me/s/jiedian24,0,0,0
https://t.me/s/jiedian_share,0,0,0
https://t.me/s/jiedianf,0,0,0
https://t.me/s/jiedianssr,0,0,0
https://t.me/s/jiujied,0,0,0
https://t.me/s/jokersfantastichome,0,0,0
https://t.me/s/jokerv2ray,0,0,0
https://t.me/s/justkingoo,0,0,0
https://t.me/s/juzibaipiao,0,0,0
https://t.me/s/kafing_2,0,0,0
https://t.me/s/kesslervpn,0,0,0
https://t.me/s/khadamat_sadra,0,0,0
https://t.me/s/khalaa_vpn,0,0,0
https://t.me/s/kiava,0,0,0
https://t.me/s/kilid_stor,0,0,0
https://t.me/s/kingoclubs,0,0,0
https://t.me/s/kingofilter,0,0,0
https://t.me/s/kingofv2ray,0,0,0
https://t.me/s/kingspeedchanel,0,0,0
https://t.me/s/kralvpn,0,0,0
https://t.me/s/kurd_v2ray,0,0,0
https://t.me/s/kurdistan_vpn_perfectt,0,0,0
https://t.me/s/kurdvpn1,0,0,0
https://t.me/s/kuto_proxy,0,0,0
https://t.me/s/kuto_proxy1,0,0,0
https://t.me/s/kuto_proxy2,0,0,0
https://t.me/s/kxswa,0,0,0
https://t.me/s/lakvpn1,0,0,0
https://t.me/s/lax_vpn,0,0,0
https://t.me/s/legendery_server,0,0,0
https://t.me/s/lepingshop,0,0,0
https://t.me/s/lepingvpn,0,0,0
https://t.me/s/lexa_vpn,0,0,0
https://t.me/s/lightning6,0,0,0
https://t.me/s/lightv2ray,0,0,0
https://t.me/s/likearzonpanell,0,0,0
https://t.me/s/limootuursh,0,0,0
https://t.me/s/linux_do_channel,0,0,0
https://t.me/s/lion_channel_vpn2,0,0,0
https://t.me/s/liq_vpn,0,0,0
https://t.me/s/lockey_vpn,0,0,0
https://t.me/s/lrnbymaa,0,0,0
https://t.me/s/ltscxk,0,0,0
https://t.me/s/m_buy,0,0,0
https://t.me/s/m_vipv2ray,0,0,0
https://t.me/s/mahanvpn,0,0,0
https://t.me/s/mahdiserver,0,0,0
https://t.me/s/mahxray,0,0,0
https://t.me/s/mainv2ray,0,0,0
https://t.me/s/manVPN,0,0,0
https://t.me/s/marketvpni,0,0,0
https://t.me/s/mater_1345,0,0,0
https://t.me/s/matrixnetvvork,0,0,0
https://t.me/s/maxshare,0,0,0
https://t.me/s/maznet,0,0,0
https://t.me/s/mdvpnsec,0,0,0
https://t.me/s/mehrosaboran,0,0,0
https://t.me/s/meli_prooxy,0,0,0
https://t.me/s/meli_proxyy,0,0,0
https://t.me/s/meli_v2rayng,0,0,0
https://t.me/s/melov2ray,0,0,0
https://t.me/s/mester_v2ray,0,0,0
https://t.me/s/mftizi,0,0,0
https://t.me/s/mi_pn_official,0,0,0
https://t.me/s/mianfeifq,0,0,0
https://t.me/s/miaomua,0,0,0
https://t.me/s/migping,0,0,0
https://t.me/s/mikasavpn,0,0,0
https://t.me/s/mimitdl,0,0,0
https://t.me/s/miyanbor_vpn,0,0,0
https://t.me/s/mizbanv2ray,0,0,0
https://t.me/s/mobilinternet,0,0,0
https://t.me/s/mobsec,0,0,0
https://t.me/s/moein_insta,0,0,0
https://t.me/s/moft_vpn,0,0,0
https://t.me/s/moftinet,0,0,0
https://t.me/s/mr_vpn123,0,0,0
https://t.me/s/mrv2raay,0,0,0
https://t.me/s/mrv2ray,0,0,0
https://t.me/s/mrvpn1403,0,0,0
https://t.me/s/mso_666_baz,0,0,0
https://t.me/s/msv2flyng,0,0,0
https://t.me/s/msv2ray,0,0,0
https://t.me/s/msv2raynp,0,0,0
https://t.me/s/mt_team_iran,0,0,0
https://t.me/s/mtconfig,0,0,0
https://t.me/s/mtpproxy0098,0,0,0
https://t.me/s/mtproxy22_v2ray,0,0,0
https://t.me/s/mtpv2ray,0,0,0
https://t.me/s/murandepindao,0,0,0
https://t.me/s/mxv2ray,0,0,0
https://t.me/s/my_proxii,0,0,0
https://t.me/s/mypremium98,0,0,0
https://t.me/s/n2vpn,0,0,0
https://t.me/s/nameless255,0,0,0
https://t.me/s/napsternetvirani,0,0,0
https://t.me/s/nepo_v2ray,0,0,0
https://t.me/s/netaccount,0,0,0
https://t.me/s/netmaask,0,0,0
https://t.me/s/netmellianti,0,0,0
https://t.me/s/netspeedservice,0,0,0
https://t.me/s/network_cfz,0,0,0
https://t.me/s/networknim,0,0,0
https://t.me/s/new_mtproxi2,0,0,0
https://t.me/s/nicolv2ray,0,0,0
https://t.me/s/nim_vpn_ir,0,0,0
https://t.me/s/nitrovpne,0,0,0
https://t.me/s/node_collection,0,0,0
https://t.me/s/node_king,0,0,0
https://t.me/s/node_share,0,0,0
https://t.me/s/nodeseekc,0,0,0
https://t.me/s/nofilter_v2rayng,0,0,0
https://t.me/s/nofiltering2,0,0,0
https://t.me/s/noori_93,0,0,0
https://t.me/s/nordaccount1,0,0,0
https://t.me/s/novavpn1984,0,0,0
https://t.me/s/novinology,0,0,0
https://t.me/s/npv_v2ray,0,0,0
https://t.me/s/nt_safe,0,0,0
https://t.me/s/ntconfig,0,0,0
https://t.me/s/nufilter,0,0,0
https://t.me/s/nufilter2,0,0,0
https://t.me/s/oceanproo,0,0,0
https://t.me/s/ohvpn,0,0,0
https://t.me/s/oneclickvpnkeys,0,0,0
https://t.me/s/onessr,0,0,0
https://t.me/s/open_v2ray,0,0,0
https://t.me/s/optvpn,0,0,0
https://t.me/s/orb_daily,0,0,0
https://t.me/s/orb_irancell,0,0,0
https://t.me/s/orb_mci,0,0,0
https://t.me/s/orb_rightel,0,0,0
https://t.me/s/orb_vpn,0,0,0
https://t.me/s/outlineOpenKey,0,0,0
https://t.me/s/outline_ir,0,0,0
https://t.me/s/outline_oneclick1,0,0,0
https://t.me/s/outline_vpn,0,0,0
https://t.me/s/outlineiran,0,0,0
https://t.me/s/outlinev2rayng,0,0,0
https://t.me/s/outlinevpnofficial,0,0,0
https://t.me/s/ovpn2,0,0,0
https://t.me/s/oxidvip,0,0,0
https://t.me/s/oxir_vpn,0,0,0
https://t.me/s/oxnet_ir,0,0,0
https://t.me/s/pak4you,0,0,0
https://t.me/s/pardazeshvpn,0,0,0
https://t.me/s/parsashonam,0,0,0
https://t.me/s/payam_nsi,0,0,0
https://t.me/s/persian_proxy6,0,0,0
https://t.me/s/persianv2rayng,0,0,0
https://t.me/s/pgkj666,0,0,0
https://t.me/s/ph_onex,0,0,0
https://t.me/s/phiilshekn,0,0,0
https://t.me/s/piavpngo,0,0,0
https://t.me/s/pin_proxy,0,0,0
https://t.me/s/ping01pro,0,0,0
https://t.me/s/polproxy,0,0,0
https://t.me/s/ponv2ray,0,0,0
https://t.me/s/pov2ray,0,0,0
https://t.me/s/powerful1vpn,0,0,0
https://t.me/s/ppal03,0,0,0
https://t.me/s/premiumaccshoop,0,0,0
https://t.me/s/prim_vpn,0,0,0
https://t.me/s/private_access_guard_vpn,0,0,0
https://t.me/s/privatevpnn,0,0,0
https://t.me/s/privatevpns,0,0,0
https://t.me/s/pro_chaneel,0,0,0
https://t.me/s/programmer_best,0,0,0
https://t.me/s/proprojec,0,0,0
https://t.me/s/prossh,0,0,0
https://t.me/s/proxie,0,0,0
https://t.me/s/proxiiraniii,0,0,0
https://t.me/s/proxiteiegramm,0,0,0
https://t.me/s/proxy48,0,0,0
https://t.me/s/proxy_iranv2,0,0,0
https://t.me/s/proxy_mtm,0,0,0
https://t.me/s/proxy_mtproto_vpns_free,0,0,0
https://t.me/s/proxy_n1,0,0,0
https://t.me/s/proxy_sharing,0,0,0
https://t.me/s/proxy_speed,0,0,0
https://t.me/s/proxycityiran,0,0,0
https://t.me/s/proxydaemioutline,0,0,0
https://t.me/s/proxyfn,0,0,0
https://t.me/s/proxyforopeta,0,0,0
https://t.me/s/proxyirancel,0,0,0
https://t.me/s/proxyshareCN,0,0,0
https://t.me/s/proxystore11,0,0,0
https://t.me/s/proxysudo,0,0,0
https://t.me/s/proxyymeliii,0,0,0
https://t.me/s/prrofile_purple,0,0,0
https://t.me/s/public504,0,0,0
https://t.me/s/puni_shop_v2rayng,0,0,0
https://t.me/s/pydriclub,0,0,0
https://t.me/s/qeshmserver,0,0,0
https://t.me/s/qrv2ray,0,0,0
https://t.me/s/qun521,0,0,0
https://t.me/s/qv2raychannel,0,0,0
https://t.me/s/qwjhfx,0,0,0
https://t.me/s/radiofarex,0,0,0
https://t.me/s/rayanconf,0,0,0
https://t.me/s/raze_vpn,0,0,0
https://t.me/s/realvpnmaster,0,0,0
https://t.me/s/relaxv2ray,0,0,0
https://t.me/s/renetvpn,0,0,0
https://t.me/s/repairms,0,0,0
https://t.me/s/rez1vpn,0,0,0
https://t.me/s/rk_filtershekan,0,0,0
https://t.me/s/rk_filtershking,0,0,0
https://t.me/s/rnrifci,0,0,0
https://t.me/s/romax_vpn,0,0,0
https://t.me/s/royalping_ir,0,0,0
https://t.me/s/rxv2ray,0,0,0
https://t.me/s/s0013_Official,0,0,0
https://t.me/s/s0013_official,0,0,0
https://t.me/s/sabz_v2ray,0,0,0
https://t.me/s/saferoadnet,0,0,0
https://t.me/s/sajad_titan_s_t_n_v2ray,0,0,0
https://t.me/s/samiv2ray,0,0,0
https://t.me/s/satellitenewspersian,0,0,0
https://t.me/s/satoshivpn,0,0,0
https://t.me/s/savagev2ray,0,0,0
https://t.me/s/sayco_proxy,0,0,0
https://t.me/s/sdffnkl,0,0,0
https://t.me/s/selinc,0,0,0
https://t.me/s/sellvpniran1,0,0,0
https://t.me/s/server444,0,0,0
https://t.me/s/server_nekobox,0,0,0
https://t.me/s/servermomo,0,0,0
https://t.me/s/servernett,0,0,0
https://t.me/s/serversiran11,0,0,0
https://t.me/s/serverv2ray00,0,0,0
https://t.me/s/set_v2ray,0,0,0
https://t.me/s/seven_ping,0,0,0
https://t.me/s/shadow_v2ray,0,0,0
https://t.me/s/shadowproxy66,0,0,0
https://t.me/s/shadowsockskeys,0,0,0
https://t.me/s/shadowsocksm,0,0,0
https://t.me/s/shadowsocksshop,0,0,0
https://t.me/s/share_nodes,0,0,0
https://t.me/s/share_proxy_001,0,0,0
https://t.me/s/sharecentrepro,0,0,0
https://t.me/s/shconfig,0,0,0
https://t.me/s/shh_proxy,0,0,0
https://t.me/s/shopingv2ray,0,0,0
https://t.me/s/sinabigo,0,0,0
https://t.me/s/sitefilter,0,0,0
https://t.me/s/skivpn,0,0,0
https://t.me/s/snowguardvpn,0,0,0
https://t.me/s/sobi_vpn,0,0,0
https://t.me/s/sockcs_http,0,0,0
https://t.me/s/sockshttp_vpn,0,0,0
https://t.me/s/sourcefreefilter,0,0,0
https://t.me/s/spcware,0,0,0
https://t.me/s/speed_vpn70,0,0,0
https://t.me/s/speedconfig00,0,0,0
https://t.me/s/speedent_net,0,0,0
https://t.me/s/spikevpn,0,0,0
https://t.me/s/srcvpn,0,0,0
https://t.me/s/ssltool,0,0,0
https://t.me/s/ssrList,0,0,0
https://t.me/s/ssrshares,0,0,0
https://t.me/s/suddaehi,0,0,0
https://t.me/s/superpinghub,0,0,0
https://t.me/s/suyucom,0,0,0
https://t.me/s/svnteam,0,0,0
https://t.me/s/tc_v2ray,0,0,0
https://t.me/s/teamvpnpro,0,0,0
https://t.me/s/tehranargo,0,0,0
https://t.me/s/tehranargo1,0,0,0
https://t.me/s/teiknovpn,0,0,0
https://t.me/s/telmavpn,0,0,0
https://t.me/s/tenzovpn,0,0,0
https://t.me/s/thunderv2ray,0,0,0
https://t.me/s/tiktok_proxy,0,0,0
https://t.me/s/timingvpn,0,0,0
https://t.me/s/tiny_vpn_official,0,0,0
https://t.me/s/titan_v2rayvpn,0,0,0
https://t.me/s/tls_v2ray,0,0,0
https://t.me/s/tmv2ray,0,0,0
https://t.me/s/top_vpn_chanel,0,0,0
https://t.me/s/topvpn02,0,0,0
https://t.me/s/torang_vpn,0,0,0
https://t.me/s/toyota_proxy,0,0,0
https://t.me/s/toyota_proxyyyy,0,0,0
https://t.me/s/trand_farsi,0,0,0
https://t.me/s/tunssh,0,0,0
https://t.me/s/turboo_server,0,0,0
https://t.me/s/tv2rayrr,0,0,0
https://t.me/s/tv_v2ray,0,0,0
https://t.me/s/u3ervpn,0,0,0
https://t.me/s/u_confingvpn,0,0,0
https://t.me/s/ultravpn_v2ray,0,0,0
https://t.me/s/univstar,0,0,0
https://t.me/s/unlimiteddev,0,0,0
https://t.me/s/uraniumvpn,0,0,0
https://t.me/s/v20reyng,0,0,0
https://t.me/s/v2Line,0,0,0
https://t.me/s/v2_Hub,0,0,0
https://t.me/s/v2_hub,0,0,0
https://t.me/s/v2_r_ayng,0,0,0
https://t.me/s/v2_team,0,0,0
https://t.me/s/v2ang,0,0,0
https://t.me/s/v2aryng_vpn,0,0,0
https://t.me/s/v2bamdad,0,0,0
https://t.me/s/v2boxng74,0,0,0
https://t.me/s/v2dotcom,0,0,0
https://t.me/s/v2fast100,0,0,0
https://t.me/s/v2fetch,0,0,0
https://t.me/s/v2fox_config,0,0,0
https://t.me/s/v2free666,0,0,0
https://t.me/s/v2gng,0,0,0
https://t.me/s/v2graphy,0,0,0
https://t.me/s/v2hamid,0,0,0
https://t.me/s/v2icy,0,0,0
https://t.me/s/v2line,0,0,0
https://t.me/s/v2list,0,0,0
https://t.me/s/v2logy,0,0,0
https://t.me/s/v2maxx,0,0,0
https://t.me/s/v2meowcf,0,0,0
https://t.me/s/v2mod,0,0,0
https://t.me/s/v2mystery,0,0,0
https://t.me/s/v2naptv,0,0,0
https://t.me/s/v2net_iran,0,0,0
https://t.me/s/v2org,0,0,0
https://t.me/s/v2pedia,0,0,0
https://t.me/s/v2ra2,0,0,0
https://t.me/s/v2raa_server,0,0,0
https://t.me/s/v2raand,0,0,0
https://t.me/s/v2raayngconfig,0,0,0
https://t.me/s/v2rabot,0,0,0
https://t.me/s/v2rang_255,0,0,0
https://t.me/s/v2range,0,0,0
https://t.me/s/v2rangkanal,0,0,0
https://t.me/s/v2raxx,0,0,0
https://t.me/s/v2ray009,0,0,0
https://t.me/s/v2ray03,0,0,0
https://t.me/s/v2ray16,0,0,0
https://t.me/s/v2ray1_ng,0,0,0
https://t.me/s/v2ray313,0,0,0
https://t.me/s/v2ray4free,0,0,0
https://t.me/s/v2ray851403,0,0,0
https://t.me/s/v2ray8x,0,0,0
https://t.me/s/v2ray96,0,0,0
https://t.me/s/v2rayNG_VPN,0,0,0
https://t.me/s/v2rayNG_VPNN,0,0,0
https://t.me/s/v2ray_8,0,0,0
https://t.me/s/v2ray_83,0,0,0
https://t.me/s/v2ray_alpha,0,0,0
https://t.me/s/v2ray_best,0,0,0
https://t.me/s/v2ray_best_iran,0,0,0
https://t.me/s/v2ray_cartel,0,0,0
https://t.me/s/v2ray_configs_pool,0,0,0
https://t.me/s/v2ray_custom,0,0,0
https://t.me/s/v2ray_donya,0,0,0
https://t.me/s/v2ray_fark,0,0,0
https://t.me/s/v2ray_fd,0,0,0
https://t.me/s/v2ray_for_free,0,0,0
https://t.me/s/v2ray_free_config,0,0,0
https://t.me/s/v2ray_freedomiran,0,0,0
https://t.me/s/v2ray_god,0,0,0
https://t.me/s/v2ray_helper,0,0,0
https://t.me/s/v2ray_inter,0,0,0
https://t.me/s/v2ray_ng,0,0,0
https://t.me/s/v2ray_nodes_free,0,0,0
https://t.me/s/v2ray_nonoal,0,0,0
https://t.me/s/v2ray_official,0,0,0
https://t.me/s/v2ray_one1,0,0,0
https://t.me/s/v2ray_onli,0,0,0
https://t.me/s/v2ray_outlinee,0,0,0
https://t.me/s/v2ray_outlineir,0,0,0
https://t.me/s/v2ray_phoenix,0,0,0
https://t.me/s/v2ray_pool,0,0,0
https://t.me/s/v2ray_pro_free,0,0,0
https://t.me/s/v2ray_raha,0,0,0
https://t.me/s/v2ray_reality_new,0,0,0
https://t.me/s/v2ray_rh,0,0,0
https://t.me/s/v2ray_rolly,0,0,0
https://t.me/s/v2ray_string,0,0,0
https://t.me/s/v2ray_sub_share,0,0,0
https://t.me/s/v2ray_swhil,0,0,0
https://t.me/s/v2ray_tunnel_plus,0,0,0
https://t.me/s/v2ray_txshop,0,0,0
https://t.me/s/v2ray_ty,0,0,0
https://t.me/s/v2ray_vme,0,0,0
https://t.me/s/v2ray_vmes,0,0,0
https://t.me/s/v2ray_vpn_free,0,0,0
https://t.me/s/v2ray_vpnalfa,0,0,0
https://t.me/s/v2ray_youtube,0,0,0
https://t.me/s/v2rayan,0,0,0
https://t.me/s/v2rayargon,0,0,0
https://t.me/s/v2rayarmy,0,0,0
https://t.me/s/v2rayaz,0,0,0
https://t.me/s/v2raybe,0,0,0
https://t.me/s/v2raybold,0,0,0
https://t.me/s/v2raybx,0,0,0
https://t.me/s/v2raycactus,0,0,0
https://t.me/s/v2raycollectordonate,0,0,0
https://t.me/s/v2raycrow,0,0,0
https://t.me/s/v2raycustomize,0,0,0
https://t.me/s/v2raydailyupdate,0,0,0
https://t.me/s/v2raydiyako,0,0,0
https://t.me/s/v2rayeservers,0,0,0
https://t.me/s/v2rayfa,0,0,0
https://t.me/s/v2rayfast,0,0,0
https://t.me/s/v2rayfast_7,0,0,0
https://t.me/s/v2rayfr,0,0,0
https://t.me/s/v2rayfree,0,0,0
https://t.me/s/v2rayfree1,0,0,0
https://t.me/s/v2rayhubvip,0,0,0
https://t.me/s/v2rayi_net,0,0,0
https://t.me/s/v2raying,0,0,0
https://t.me/s/v2rayip1,0,0,0
https://t.me/s/v2rayir1,0,0,0
https://t.me/s/v2rayland02,0,0,0
https://t.me/s/v2rayn_openavpn,0,0,0
https://t.me/s/v2rayn_red,0,0,0
https://t.me/s/v2rayn_store,0,0,0
https://t.me/s/v2rayng110n,0,0,0
https://t.me/s/v2rayng12023,0,0,0
https://t.me/s/v2rayng20000000,0,0,0
https://t.me/s/v2rayng3,0,0,0
https://t.me/s/v2rayng8833,0,0,0
https://t.me/s/v2rayng_81,0,0,0
https://t.me/s/v2rayng_channel_vpn,0,0,0
https://t.me/s/v2rayng_fast,0,0,0
https://t.me/s/v2rayng_ip,0,0,0
https://t.me/s/v2rayng_lion,0,0,0
https://t.me/s/v2rayng_my2,0,0,0
https://t.me/s/v2rayng_nv,0,0,0
https://t.me/s/v2rayng_ribvar,0,0,0
https://t.me/s/v2rayng_v,0,0,0
https://t.me/s/v2rayng_v2_ray,0,0,0
https://t.me/s/v2rayng_vpn,0,0,0
https://t.me/s/v2rayng_vpnn,0,0,0
https://t.me/s/v2rayng_vpnrog,0,0,0
https://t.me/s/v2rayngalpha,0,0,0
https://t.me/s/v2rayngalphagamer,0,0,0
https://t.me/s/v2rayngchaannel,0,0,0
https://t.me/s/v2rayngchannelll,0,0,0
https://t.me/s/v2rayngcloud,0,0,0
https://t.me/s/v2rayngco0,0,0,0
https://t.me/s/v2rayngconfiig,0,0,0
https://t.me/s/v2rayngconfings,0,0,0
https://t.me/s/v2rayngfast,0,0,0
https://t.me/s/v2rayngfreee,0,0,0
https://t.me/s/v2rayngg_iran,0,0,0
https://t.me/s/v2rayngim,0,0,0
https://t.me/s/v2rayngmat,0,0,0
https://t.me/s/v2rayngn,0,0,0
https://t.me/s/v2rayngninja,0,0,0
https://t.me/s/v2rayngprivate,0,0,0
https://t.me/s/v2rayngraisi,0,0,0
https://t.me/s/v2rayngrit,0,0,0
https://t.me/s/v2rayngrr13,0,0,0
https://t.me/s/v2rayngseven,0,0,0
https://t.me/s/v2rayngte,0,0,0
https://t.me/s/v2rayngtime,0,0,0
https://t.me/s/v2rayngup,0,0,0
https://t.me/s/v2rayngupp,0,0,0
https://t.me/s/v2rayngvpn,0,0,0
https://t.me/s/v2rayngvpn_1,0,0,0
https://t.me/s/v2rayngvpnn,0,0,0
https://t.me/s/v2rayngvvpn,0,0,0
https://t.me/s/v2raynplus,0,0,0
https://t.me/s/v2raynz,0,0,0
https://t.me/s/v2rayopen,0,0,0
https://t.me/s/v2raypanelhub,0,0,0
https://t.me/s/v2rayprooo,0,0,0
https://t.me/s/v2rayprotocol,0,0,0
https://t.me/s/v2raysaznv,0,0,0
https://t.me/s/v2rayshop_m,0,0,0
https://t.me/s/v2raytg,0,0,0
https://t.me/s/v2raytork,0,0,0
https://t.me/s/v2raytz,0,0,0
https://t.me/s/v2rayvmess,0,0,0
https://t.me/s/v2rayvpn009,0,0,0
https://t.me/s/v2rayvpn2,0,0,0
https://t.me/s/v2rayvpnchannel,0,0,0
https://t.me/s/v2rayvpnclub,0,0,0
https://t.me/s/v2rayvpnking0,0,0,0
https://t.me/s/v2rayweb,0,0,0
https://t.me/s/v2rayy_ir,0,0,0
https://t.me/s/v2rayy_vpn13,0,0,0
https://t.me/s/v2rayyngvpn,0,0,0
https://t.me/s/v2rayza,0,0,0
https://t.me/s/v2raz,0,0,0
https://t.me/s/v2rey_free_for_all,0,0,0
https://t.me/s/v2reyy,0,0,0
https://t.me/s/v2rez,0,0,0
https://t.me/s/v2roay,0,0,0
https://t.me/s/v2rplus,0,0,0
https://t.me/s/v2rray1_ng,0,0,0
https://t.me/s/v2rray_ng,0,0,0
https://t.me/s/v2ry_proxy,0,0,0
https://t.me/s/v2ryng01,0,0,0
https://t.me/s/v2ryorg,0,0,0
https://t.me/s/v2ryvip,0,0,0
https://t.me/s/v2safe,0,0,0
https://t.me/s/v2safee,0,0,0
https://t.me/s/v2sezar,0,0,0
https://t.me/s/v2shop2,0,0,0
https://t.me/s/v2vipchannel,0,0,0
https://t.me/s/v3410ray,0,0,0
https://t.me/s/v5ray_ng,0,0,0
https://t.me/s/v_2ray1,0,0,0
https://t.me/s/v_2rayngvpn,0,0,0
https://t.me/s/v_2rey,0,0,0
https://t.me/s/vboxpanel,0,0,0
https://t.me/s/vip_free_vpn02,0,0,0
https://t.me/s/vipnetmeli,0,0,0
https://t.me/s/vipserverstm,0,0,0
https://t.me/s/vipufovpn,0,0,0
https://t.me/s/vipv2rayngnp,0,0,0
https://t.me/s/vipv2rayngvip,0,0,0
https://t.me/s/vipv2rayvip,0,0,0
https://t.me/s/vipv2rey,0,0,0
https://t.me/s/vipvpn_v2ray,0,0,0
https://t.me/s/virapn,0,0,0
https://t.me/s/virav2ray,0,0,0
https://t.me/s/vistav2ray,0,0,0
https://t.me/s/vlees_v2rayng,0,0,0
https://t.me/s/vless_vmess,0,0,0
https://t.me/s/vlessconfig,0,0,0
https://t.me/s/vmess_ir,0,0,0
https://t.me/s/vmess_iran,0,0,0
https://t.me/s/vmess_tg,0,0,0
https://t.me/s/vmessiran,0,0,0
https://t.me/s/vmesskhodam,0,0,0
https://t.me/s/vmesskhodam_vip,0,0,0
https://t.me/s/vmessorg,0,0,0
https://t.me/s/vmessprotocol,0,0,0
https://t.me/s/vp22ray,0,0,0
https://t.me/s/vpidiamond,0,0,0
https://t.me/s/vplusvpn_free,0,0,0
https://t.me/s/vpn11_v2,0,0,0
https://t.me/s/vpn4ir_1,0,0,0
https://t.me/s/vpn880,0,0,0
https://t.me/s/vpn_098,0,0,0
https://t.me/s/vpn_3000,0,0,0
https://t.me/s/vpn_315,0,0,0
https://t.me/s/vpn_443,0,0,0
https://t.me/s/vpn_Nv1,0,0,0
https://t.me/s/vpn_amo,0,0,0
https://t.me/s/vpn_arta,0,0,0
https://t.me/s/vpn_azadi_2024,0,0,0
https://t.me/s/vpn_bal0uch,0,0,0
https://t.me/s/vpn_booth,0,0,0
https://t.me/s/vpn_connect,0,0,0
https://t.me/s/vpn_famous,0,0,0
https://t.me/s/vpn_gaming,0,0,0
https://t.me/s/vpn_gold_free_1,0,0,0
https://t.me/s/vpn_ioss,0,0,0
https://t.me/s/vpn_kanfik,0,0,0
https://t.me/s/vpn_mafia,0,0,0
https://t.me/s/vpn_mikey,0,0,0
https://t.me/s/vpn_nafas,0,0,0
https://t.me/s/vpn_node_share,0,0,0
https://t.me/s/vpn_ocean,0,0,0
https://t.me/s/vpn_room,0,0,0
https://t.me/s/vpn_shop_v1,0,0,0
https://t.me/s/vpn_storm,0,0,0
https://t.me/s/vpn_tehran,0,0,0
https://t.me/s/vpn_v2ra_ng,0,0,0
https://t.me/s/vpn_v2rang_box,0,0,0
https://t.me/s/vpn_v2rayng_gap,0,0,0
https://t.me/s/vpn_v2rayng_iran,0,0,0
https://t.me/s/vpn_vetiver,0,0,0
https://t.me/s/vpn_vip_nor,0,0,0
https://t.me/s/vpn_wedbaz2,0,0,0
https://t.me/s/vpn_whal,0,0,0
https://t.me/s/vpn_xw,0,0,0
https://t.me/s/vpn_zvpn,0,0,0
https://t.me/s/vpnafra,0,0,0
https://t.me/s/vpnaiden,0,0,0
https://t.me/s/vpnandroid2,0,0,0
https://t.me/s/vpnbigbang,0,0,0
https://t.me/s/vpnchina,0,0,0
https://t.me/s/vpnclick,0,0,0
https://t.me/s/vpncostume,0,0,0
https://t.me/s/vpncostumer,0,0,0
https://t.me/s/vpncustomize,0,0,0
https://t.me/s/vpned,0,0,0
https://t.me/s/vpnepic,0,0,0
https://t.me/s/vpnfail_v2ray,0,0,0
https://t.me/s/vpnfastservice,0,0,0
https://t.me/s/vpnfree,0,0,0
https://t.me/s/vpnfreeaccounts,0,0,0
https://t.me/s/vpnfreeramoo,0,0,0
https://t.me/s/vpngate_config,0,0,0
https://t.me/s/vpnhat,0,0,0
https://t.me/s/vpnhouse_official,0,0,0
https://t.me/s/vpnhub69,0,0,0
https://t.me/s/vpnkanfik,0,0,0
https://t.me/s/vpnkar,0,0,0
https://t.me/s/vpnkaro,0,0,0
https://t.me/s/vpnmasi,0,0,0
https://t.me/s/vpnmk1,0,0,0
https://t.me/s/vpnowl,0,0,0
https://t.me/s/vpnpacket,0,0,0
https://t.me/s/vpnplus100,0,0,0
https://t.me/s/vpnplusee_free,0,0,0
https://t.me/s/vpnpopular2023,0,0,0
https://t.me/s/vpnsal,0,0,0
https://t.me/s/vpnserver_tel,0,0,0
https://t.me/s/vpnserverrr,0,0,0
https://t.me/s/vpnshecan,0,0,0
https://t.me/s/vpnskyy,0,0,0
https://t.me/s/vpnsshocean,0,0,0
https://t.me/s/vpnstorefast,0,0,0
https://t.me/s/vpntrt,0,0,0
https://t.me/s/vpntwitt,0,0,0
https://t.me/s/vpnv2rayonline,0,0,0
https://t.me/s/vpnv2raytop,0,0,0
https://t.me/s/vpnvg,0,0,0
https://t.me/s/vpnwedbaz,0,0,0
https://t.me/s/vpnwlf,0,0,0
https://t.me/s/vpnworldone,0,0,0
https://t.me/s/vpnxyam_ir,0,0,0
https://t.me/s/vpnyes,0,0,0
https://t.me/s/vpray3,0,0,0
https://t.me/s/vtechno_vpn,0,0,0
https://t.me/s/vtworay_wolf,0,0,0
https://t.me/s/wancloudfa,0,0,0
https://t.me/s/wangcai_8,0,0,0
https://t.me/s/warphiddify,0,0,0
https://t.me/s/wbnet,0,0,0
https://t.me/s/wbrovers,0,0,0
https://t.me/s/wearestand,0,0,0
https://t.me/s/webhube,0,0,0
https://t.me/s/webovpn,0,0,0
https://t.me/s/webrovers,0,0,0
https://t.me/s/webshecan,0,0,0
https://t.me/s/weepeen,0,0,0
https://t.me/s/white_servers_turkmenistan,0,0,0
https://t.me/s/wizyvpn,0,0,0
https://t.me/s/womanlifefreedom13,0,0,0
https://t.me/s/womanlifefreedomvpn,0,0,0
https://t.me/s/world_vmess,0,0,0
https://t.me/s/wsbvpn,0,0,0
https://t.me/s/wxdy666,0,0,0
https://t.me/s/wxgmrjdcc,0,0,0
https://t.me/s/wxgqlfx,0,0,0
https://t.me/s/x4azadi,0,0,0
https://t.me/s/xiaobaicaifx,0,0,0
https://t.me/s/xiaoxinv,0,0,0
https://t.me/s/xiv2ray,0,0,0
https://t.me/s/xivpn,0,0,0
https://t.me/s/xnxv2ray,0,0,0
https://t.me/s/xray_vpn_pro,0,0,0
https://t.me/s/xrayzxn,0,0,0
https://t.me/s/xvproxy,0,0,0
https://t.me/s/yaney_01,0,0,0
https://t.me/s/yangcun68,0,0,0
https://t.me/s/yasv2ray,0,0,0
https://t.me/s/yekoyekvpn,0,0,0
https://t.me/s/ys_v2ray,0,0,0
https://t.me/s/ytte3la,0,0,0
https://t.me/s/yuproxytelegram,0,0,0
https://t.me/s/yxjnode,0,0,0
https://t.me/s/zabuza_shop,0,0,0
https://t.me/s/zar_vpn,0,0,0
https://t.me/s/zdyz2,0,0,0
https://t.me/s/zede_filteri,0,0,0
https://t.me/s/zedmodeonvpn,0,0,0
https://t.me/s/zedping,0,0,0
https://t.me/s/zen_cloud,0,0,0
https://t.me/s/zerobaipiao,0,0,0
https://t.me/s/zeynabghatee,0,0,0
https://t.me/s/zibanabz,0,0,0
https://t.me/s/zilatvpn,0,0,0
https://t.me/s/zqfxpd,0,0,0
https://t.me/s/zvpnn,0,0,0
https://t.me/s/zyfxlnn,0,0,0
https://t.me/s/zyzzzoao,0,0,0
https://t.me/s/t.meSR_V2RAY_Clash,0,0,0
https://t.me/s/t.mechpd,0,0,0
https://t.me/s/t.meerveruniverse,0,0,0
https://t.me/s/t.meharecentrepro,0,0,0
https://t.me/s/t.mes_v2ray_ssr_clash,0,0,0
https://t.me/s/t.mesr_clash_v2ray,0,0,0
https://t.me/s/t.meub_share_center,0,0,0
